SUBJECT_ID,AFP,AG,Age,ALB,ALP,ALT,AST,BASO#,BASO%,BUN,Ca,CA125,CA19-9,CA72-4,CEA,CL,CO2CP,CREA,TYPE,DBIL,EO#,EO%,GGT,GLO,GLU.,HCT,HE4,HGB,IBIL,K,LYM#,LYM%,MCH,MCV,Menopause,Mg,MONO#,MONO%,MPV,Na,NEU,PCT,PDW,PHOS,PLT,RBC,RDW,TBIL,TP,UA,Actual_Status_Code,Predicted_Status_Code,Actual_Status_Label,Predicted_Status_Label
301,2.26,23,56,35.1,105,12,20,0.04,0.4,2.64,2.48,1319,4.83,20.21,0.58,96.8,23.3,69,0,2.5,0.03,0.3,61,38.7,5.83,0.391,1500,119,7,5.4,1.72,16.2,24.4,80.1,1,1.22,0.78,7.4,9.5,137.7,75.7,0.62,9.8,1.4,652,4.88,13.2,9.5,73.8,350.3,0,0,Ovarian Cancer (Malignant),Ovarian Cancer (Malignant)
302,3.11,12,72,44.8,128,13,24,0,0,3.39,1.06,105.4,33.37,2.37,3.77,101.9,21.9,76,0,8.9,0.03,0.5,14,27.4,4.35,0.414,103.7,137,12.8,4.3,0.46,7.6,31.1,94.6,1,0.97,0.25,4.1,10.4,139.6,87.8,0.16,11.9,1.41,155,4.41,12.2,21.7,72.2,283.8,0,0,Ovarian Cancer (Malignant),Ovarian Cancer (Malignant)
303,5.02,17.05,57,41.1,89,18,22,0.01,0.3,3.75,2.63,515.1,17.82,2.37,4.57,102.1,28.5,67,0,4.5,0.06,1.8,12,30.3,5.26,0.397,162.9,134,10.5,3.85,1.05,31.2,28.9,85.6,1,0.94,0.19,5.6,10.3,143.8,61.1,0.15,11.3,1.19,144,4.64,12.3,15,71.4,301.3,0,0,Ovarian Cancer (Malignant),Ovarian Cancer (Malignant)
304,1.63,16.26,43,35.2,68,5,13,0,0,3.2,2.53,42.17,9.91,2.37,1.22,103.7,25.1,63,0,4.2,0.05,0.7,4,23.8,5.46,0.298,145.5,94,5.7,5.04,0.7,10,25.6,81.2,0,0.98,0.36,5.1,11.2,143.5,84.2,0.26,12.8,0.99,230,3.67,14.1,9.9,59,176.5,0,0,Ovarian Cancer (Malignant),Ovarian Cancer (Malignant)
305,4.76,12.6,65,40.2,81,6,14,0.04,0.5,7.09,1.08,1065,14.57,2.37,2.13,99.2,31.7,66,0,3.1,0.08,1,48,30.4,6.28,0.38,269.5,126,5.1,4.31,1.88,23.7,30.9,93.1,1,1,0.33,4.2,9.6,139.8,70.6,0.36,10.7,0.78,375,4.08,12.5,8.2,70.6,308.6,0,0,Ovarian Cancer (Malignant),Ovarian Cancer (Malignant)
306,3.13,21.14,49,39.2,61,24,27,0.04,1,3.75,2.48,339.1,12.73,2.37,0.98,103.7,22.2,60,0,4.6,0.12,3,13,21.6,4.73,0.386,250.4,131,8.6,4.24,0.79,19.7,29.6,87.3,0,0.97,0.2,5,12.6,142.8,71.3,0.2,16,1.05,162,4.42,11.7,13.2,60.8,224.3,0,0,Ovarian Cancer (Malignant),Ovarian Cancer (Malignant)
307,4.66,25.42,43,42.6,120,15,13,0.03,0.4,2.9,2.7,112.6,269.3,2.37,27.97,99.3,22.2,54,0,1.9,0.05,0.6,38,40.6,5.55,0.395,47.13,125,3.2,4.62,1.65,19.3,27.4,86.4,0,0.96,0.47,5.5,9.3,142.3,74.2,0.39,9.6,1.14,420,4.57,11.5,5.1,83.2,234.7,0,0,Ovarian Cancer (Malignant),Ovarian Cancer (Malignant)
308,2.88,20.09,54,42.9,86,24,20,0.02,0.4,2.75,2.56,201.6,21.1,2.37,3.25,100.7,22.9,62,0,4.3,0.06,1.1,11,27.5,4.61,0.415,167.1,138,7.7,4.09,1.38,26.3,31,93.3,1,0.96,0.23,4.4,11.4,139.6,67.8,0.23,13.6,1.21,203,4.45,13.2,12,70.4,213.4,0,0,Ovarian Cancer (Malignant),Ovarian Cancer (Malignant)
309,2.29,7.4,48,28.8,86,24,64,0.05,0.4,2.59,0.92,1319,37.14,2.37,10.72,88.8,25.4,59,0,5.7,0.02,0.2,22,29.1,7.09,0.365,393.1,122,7.6,3.94,0.82,7.2,29.3,87.5,0,0.94,0.38,3.4,9.8,131.9,88.8,0.52,10.5,1.14,537,4.17,15.7,13.3,57.9,159.3,0,0,Ovarian Cancer (Malignant),Ovarian Cancer (Malignant)
310,1.88,18.84,50,32.4,117,10,9,0.02,0.2,2.28,2.11,931,25.36,2.37,34.04,98.4,26.4,62,0,3.8,0.07,0.8,33,38,5.3,0.252,45.57,80,5,4.04,1.11,13.2,28.4,89.4,0,1.06,0.8,9.5,10.6,139.6,76.3,0.41,11.2,1.27,387,2.82,13.9,8.8,70.4,145.6,0,0,Ovarian Cancer (Malignant),Ovarian Cancer (Malignant)
311,1.75,25.1,72,31,63,12,23,0.02,0.3,2.84,2.39,2642,0.76,1.98,3.12,98.7,22.7,66,0,3.6,0.03,0.5,11,27.5,4.41,0.335,609.4,105,5,4.6,0.92,15.4,28.9,92.3,1,0.8,0.48,8.1,9.3,141.9,75.7,0.3,9.5,1.17,321,3.63,13.1,8.6,58.5,168.8,0,0,Ovarian Cancer (Malignant),Ovarian Cancer (Malignant)
312,2.27,7.2,53,40.5,102,20,40,0,0,3.63,1.06,949.2,14.57,2.37,0.74,99.4,23.7,67,0,3.9,0.06,1.1,22,30.4,4.37,0.314,517,78,6.8,4.86,1.13,21,20.5,71.4,0,1.15,0.35,6.5,11.4,139.2,71.4,0.36,14,1.24,316,3.81,20.6,10.7,70.9,209.5,0,0,Ovarian Cancer (Malignant),Ovarian Cancer (Malignant)
313,5,17.59,51,45,83,17,19,0.01,0.1,4.33,2.73,1288,6.36,2.37,1.47,99.3,28.8,71,0,3.2,0.17,2.5,23,31.3,5.36,0.381,303.7,126,7.3,4.49,1.44,21.1,31.5,95.3,1,1.07,0.3,4.4,9,141.2,71.9,0.27,9.7,1.27,300,4,12,10.5,76.3,268.8,0,0,Ovarian Cancer (Malignant),Ovarian Cancer (Malignant)
314,3.15,9.4,59,44.5,67,17,22,0.02,0.3,3.95,1.04,331.6,8.76,2.37,1.61,99.5,27.3,66,0,2.8,0.02,0.3,12,31.1,11.36,0.393,86.28,125,6.8,4.15,1.25,21.6,28.9,87.5,1,0.88,0.21,3.6,10.4,141.2,74.2,0.23,11.6,1.24,223,4.32,12.9,9.6,75.6,201,0,0,Ovarian Cancer (Malignant),Ovarian Cancer (Malignant)
315,2.03,18.11,49,40.9,107,37,23,0.06,1,4.56,2.53,30.74,0.77,2.37,2.89,102.5,27.4,66,0,4.2,0.13,2.2,92,34.4,5.12,0.388,302.8,128,9.7,4.31,1.57,26.6,29.4,89.2,0,0.94,0.28,4.7,10.7,143.7,65.5,0.3,12.2,1.15,281,4.35,13,13.9,75.3,417.2,0,0,Ovarian Cancer (Malignant),Ovarian Cancer (Malignant)
316,3.63,15.44,60,50.2,90,27,34,0.05,0.9,3.85,2.53,1501,104.3,2.37,6.95,100.1,27.8,60,0,5.7,0.22,3.8,20,25.2,5.68,0.433,343.2,147,15.6,3.94,2.68,46,30.9,91,1,0.89,0.38,6.5,9.5,139.4,65.7,0.29,10.8,1.6,306,4.76,11.7,21.3,75.4,329.7,0,0,Ovarian Cancer (Malignant),Ovarian Cancer (Malignant)
317,3.7,11.3,69,50,94,22,52,0.09,1.3,4.3,1.04,113.3,12.44,2.37,1.02,101.7,28,80,0,5.9,0.05,0.7,53,31.7,4.5,0.41,80.36,115,9.8,4.33,1.92,28.1,18.5,61.8,1,1.06,0.39,5.7,10.1,138.4,65.7,0.32,11.7,1.09,321,6.21,17.5,15.7,81.7,263.8,0,0,Ovarian Cancer (Malignant),Ovarian Cancer (Malignant)
318,3.32,8.4,74,35.2,90,19,38,0,0,6.61,1.11,758.1,25.85,2.37,1.51,99.1,28.8,114,0,1.5,0.02,0.8,16,30.8,5.76,0.328,1500,89,2.9,5.21,1.07,40.7,25.8,83.2,1,0.79,0.56,21.3,11.5,141.8,37.2,0.46,13.6,1.17,397,3.45,15.2,4.4,66,492.9,0,0,Ovarian Cancer (Malignant),Ovarian Cancer (Malignant)
319,1.95,9.3,52,45.1,103,25,26,0.02,0.3,3.28,1.03,211.1,8.77,2.37,1.41,99.4,21.9,61,0,3.8,0.03,0.5,34,33,5.03,0.459,239.6,153,9.1,4.13,1.76,27.9,30.7,90,1,0.92,0.22,3.5,10.9,140.3,67.8,0.19,13.2,0.97,174,4.98,12.4,12.9,78.1,308.1,0,0,Ovarian Cancer (Malignant),Ovarian Cancer (Malignant)
320,1.67,6.6,65,29.1,149,10,17,0.01,0.1,4.84,1.07,399.4,62.48,2.37,9.44,100,28.7,66,0,1.9,0.03,0.3,79,28.7,4.11,0.264,569,81,3.9,5.36,0.8,7.8,30.9,100.8,1,0.82,0.52,5.1,10.1,142.5,86.7,0.35,10.6,0.91,351,2.62,15.5,5.8,57.8,295.2,0,0,Ovarian Cancer (Malignant),Ovarian Cancer (Malignant)
321,1.92,17.97,57,39.1,96,12,28,0,0,4.09,2.44,258,8.76,2.37,0.98,102.2,26.2,59,0,3.5,0.09,2.5,9,36,4.61,0.367,376.5,120,6.7,4.27,0.73,20.3,28.9,88.4,1,0.88,0.16,4.5,12,142.1,72.7,0.14,13.4,1.07,120,4.15,12.9,10.2,75.1,227.7,0,0,Ovarian Cancer (Malignant),Ovarian Cancer (Malignant)
322,9.07,25.27,68,37,85,11,17,0.01,0.1,6.9,2.24,47.25,48.96,2.37,2.99,93.8,27.6,84,0,4.8,0.03,0.2,13,31.7,7.4,0.33,157.5,109,7.4,3.28,1.45,9.2,29.1,88,1,0.7,0.94,5.9,10.8,137.3,84.6,0.33,12.5,1.18,305,3.75,12.5,12.2,68.7,335.9,0,0,Ovarian Cancer (Malignant),Ovarian Cancer (Malignant)
323,2.29,10.4,64,38.9,82,7,27,0.02,0.3,3.48,1.01,2394,6.33,2.37,1.25,99.4,24.9,56,0,2,0.02,0.3,12,28.4,4.59,0.375,682.7,121,3.7,4.39,1.16,16.9,30.4,94.2,1,0.89,0.35,5.1,9.7,143.6,77.4,0.32,10.9,1.07,335,3.98,11.9,5.7,67.3,238,0,0,Ovarian Cancer (Malignant),Ovarian Cancer (Malignant)
324,5.03,26.65,42,39.1,763,9,30,0.04,0.6,2.72,2.46,2154,24.49,2.37,0.8,102,16.2,73,0,4.3,0,0,10,26.2,3.96,0.45,1309,147,10.3,4.35,1.21,17.4,27.1,83,0,0.98,0.3,4.3,11.4,140.5,77.7,0.32,14.5,1.03,284,5.42,15,14.6,65.3,203.6,0,0,Ovarian Cancer (Malignant),Ovarian Cancer (Malignant)
325,2.87,7.9,66,46,96,27,39,0.05,0.7,4.4,2.52,2592,7.04,2.37,0.59,103.1,28.1,51,0,2.9,0.04,0.6,17,36.5,5.9,0.395,933.7,124,6.4,4.7,1.44,20,30,95.6,1,0.9,0.36,5,12,144.6,73.7,0.22,15.8,1.46,187,4.13,12.3,9.3,82.5,270.3,0,0,Ovarian Cancer (Malignant),Ovarian Cancer (Malignant)
326,1.5,22.27,21,43.2,54,14,19,0.01,0.3,3.69,2.59,23.69,169,2.37,1.62,101.9,19.3,70,1,4,0.01,0.3,10,34.5,4.27,0.358,44.82,118,4.2,4.27,1.13,37.7,28,84.8,0,0.9,0.2,6.7,10.9,139.2,65.7,0.25,12.4,1.18,230,4.22,13.5,8.2,77.7,270.1,1,0,Harmless Cyst (Benign),Ovarian Cancer (Malignant)
327,2.04,6.7,46,43.5,54,71,42,0.07,0.5,6.04,1.03,43.58,12.79,2.37,1.05,98.6,23,61,1,4.9,0.01,0.1,120,26.3,8.39,0.442,53.43,135,13.6,4.18,2.76,18.4,30.9,92.4,0,1.08,0.97,6.5,12.1,139.3,65.7,0.28,16.2,1.19,228,4.37,11.9,18.5,69.8,273.7,1,0,Harmless Cyst (Benign),Ovarian Cancer (Malignant)
328,1.45,22.39,22,37,60,15,16,0.01,0.1,2.08,2.4,256.1,147.3,2.37,1.68,102.9,19.3,58,1,4.6,0.15,1.5,15,22.8,4.63,0.365,71.36,120,7.6,3.59,1.74,17.5,30.1,91.5,0,0.94,0.32,3.2,11.2,141,65.7,0.24,12.9,0.78,215,3.99,12.2,12.2,59.8,148.8,1,0,Harmless Cyst (Benign),Ovarian Cancer (Malignant)
329,4.9,26.22,63,42.6,88,11,19,0.04,0.9,4.12,2.58,10.18,30.94,2.37,3.21,99.4,21.4,71,1,3.7,0.07,1.6,11,31.7,5.4,0.451,55.71,149,7.7,4.12,1.25,29,30.2,91.5,1,0.96,0.22,5.1,10.3,142.9,65.7,0.2,12,1.36,192,4.93,12.3,11.4,74.3,312.8,1,0,Harmless Cyst (Benign),Ovarian Cancer (Malignant)
330,5.77,19.28,30,49.1,122,9,15,0.02,0.3,3.36,2.77,23.64,23.11,2.37,1.09,96.7,28.4,59,1,3.8,0.11,1.9,10,26.3,4.8,0.438,40.75,146,7.7,3.98,1.74,29.7,30,89.9,0,0.9,0.31,5.3,10.6,140.4,65.7,0.24,12.3,1.36,229,4.87,12.6,11.5,75.4,262.4,1,1,Harmless Cyst (Benign),Harmless Cyst (Benign)
331,1.24,18.89,39,44.2,47,15,13,0.01,0.2,3.66,2.55,22.24,22.69,2.37,2.28,101.9,26.1,60,1,2.4,0.01,0.2,11,25.8,5.26,0.337,35.29,103,5.7,4.39,1.34,32.4,25.8,84.5,0,1.14,0.27,6.5,11.1,142.5,65.7,0.25,13.8,1.14,225,3.99,14.6,8.1,70,184.1,1,1,Harmless Cyst (Benign),Harmless Cyst (Benign)
332,1.09,16.07,50,41,98,35,27,0.01,0.2,3.76,2.3,3.75,14.57,2.37,1.82,103.6,25.1,65,1,3.7,0.13,2.3,25,26.1,4.93,0.441,33.02,139,7.6,3.87,2.56,44.7,28.7,90.9,1,0.89,0.25,4.4,11.1,140.9,65.7,0.27,12.8,1.33,240,4.85,13.2,11.3,67.1,322.2,1,1,Harmless Cyst (Benign),Harmless Cyst (Benign)
333,4.02,14.78,49,45.3,55,13,19,0,0,3.74,2.31,20.08,14.57,2.37,4.02,105.1,22.5,64,1,3.4,0.08,1.8,9,26.6,5.11,0.392,49.54,121,6,4.48,1.31,28.9,25.4,82.2,0,0.97,0.27,6,11.1,137.9,65.7,0.31,13.1,1.21,276,4.77,15.5,9.4,71.9,218.1,1,0,Harmless Cyst (Benign),Ovarian Cancer (Malignant)
334,1.2,25.31,62,41.8,57,16,20,0.01,0.2,5.07,2.55,13.41,10.4,2.37,2.19,103.1,19.6,61,1,8,0.03,0.6,15,26.1,5.64,0.383,35.13,134,20,4.11,2.07,38.3,32.9,94.1,1,1.02,0.26,4.8,10.4,143.9,65.7,0.22,11.8,1.13,213,4.07,11.8,28,67.9,274.4,1,1,Harmless Cyst (Benign),Harmless Cyst (Benign)
335,2.41,14.35,26,46.7,80,12,20,0.06,0.6,5.22,2.7,49.68,38.82,2.37,2.62,102.1,28.4,55,1,5.6,0.29,3.1,15,28.1,5.84,0.425,47.68,140,9.4,4.05,2.43,25.7,29.3,88.9,0,0.91,0.36,3.8,12.9,140.8,65.7,0.19,18.1,0.91,151,4.78,12.5,15,74.8,224.8,1,1,Harmless Cyst (Benign),Harmless Cyst (Benign)
336,2.25,21.04,52,40.7,72,18,23,0.01,0.3,3.81,2.5,24.33,12.14,2.37,1.61,102.5,21.1,66,1,2.5,0.06,1.8,50,33.4,4.74,0.345,33.31,117,4.1,4.24,1.19,34.9,30.4,89.6,0,0.94,0.18,5.3,10.7,140.4,65.7,0.22,13,1.17,205,3.85,12,6.6,74.1,229.2,1,0,Harmless Cyst (Benign),Ovarian Cancer (Malignant)
337,2.55,16.41,46,41.6,61,23,20,0.02,0.5,3.64,2.59,13.86,1.61,2.37,2.44,96.9,29.3,49,1,3.9,0.04,0.9,16,33.9,4.57,0.378,35.57,122,5.9,4.51,1.58,36.7,27.9,86.5,0,0.96,0.22,5.1,11.4,138.1,65.7,0.2,13.8,1.21,178,4.37,13.1,9.8,75.5,134.3,1,1,Harmless Cyst (Benign),Harmless Cyst (Benign)
338,3.97,22.48,38,48.7,69,12,15,0.02,0.3,2.85,2.72,75,34.02,2.37,1.68,100.7,21.6,70,1,2.4,0.02,0.3,13,31.8,5.96,0.39,36.04,123,3.8,4.88,2.2,29.7,25.2,79.8,0,1.15,0.38,5.1,9.5,139.9,65.7,0.35,9.6,0.93,367,4.89,16.8,6.2,80.5,271.3,1,1,Harmless Cyst (Benign),Harmless Cyst (Benign)
339,2.28,9.64,46,43.8,29,30,29,0.01,0.2,4.55,2.39,11.25,11.08,2.37,2.05,105.4,28.9,76,1,4.6,0.07,1.6,12,23.6,5.4,0.398,46.82,134,7.9,3.94,1.3,29,30.9,91.7,0,0.88,0.21,4.7,10.8,140,65.7,0.2,13.5,1.41,181,4.34,12.5,12.5,67.4,272.5,1,0,Harmless Cyst (Benign),Ovarian Cancer (Malignant)
340,1.59,17.3,32,44.4,65,10,19,0.02,0.3,3.54,2.33,31.61,11.8,2.37,1.14,101,23.6,67,1,2.5,0.04,0.7,13,28,3.85,0.375,41.93,124,3.9,3.9,1.82,29.8,28.4,85.8,0,0.77,0.31,5.1,11.4,138,65.7,0.25,14.8,1.42,218,4.37,12.9,6.4,72.4,342.7,1,1,Harmless Cyst (Benign),Harmless Cyst (Benign)
341,0.86,19.72,27,45.8,50,16,21,0.03,0.5,2.64,2.59,49.14,35.71,2.37,1.2,102.1,23,44,1,3.8,0.26,4.7,12,25,5.36,0.438,34.57,149,7.1,4.82,2.05,37,30.8,90.5,0,0.94,0.26,4.7,9.4,140,65.7,0.23,9.6,1.29,241,4.84,12.4,10.9,70.8,200.3,1,1,Harmless Cyst (Benign),Harmless Cyst (Benign)
342,1.12,18.7,30,43.5,37,7,12,0.01,0.1,3.25,2.6,115.1,59.98,2.37,0.68,102.4,25,67,1,5.2,0,0,8,24.6,4.48,0.374,47.26,120,7.2,4.3,0.42,5.1,26.4,82.4,0,0.89,0.26,3.1,11.9,141.8,65.7,0.18,14.1,1.28,154,4.54,13.2,12.4,68.1,245.2,1,0,Harmless Cyst (Benign),Ovarian Cancer (Malignant)
343,3.25,16.4,69,49.2,85,13,26,0.01,0.2,5.56,2.58,6.18,4.15,2.37,0.72,102.7,26.9,76,1,2.5,0.05,1.1,15,29.1,5.54,0.456,60.37,152,9.5,4.4,1.43,31,30.5,91.4,1,1.08,0.29,6.3,11.2,141.6,65.7,0.25,13.8,1.19,220,4.99,11.9,12,78.3,348.1,1,0,Harmless Cyst (Benign),Ovarian Cancer (Malignant)
344,1.29,14.71,26,47,72,15,17,0.03,0.8,2.76,2.76,9.94,13.4,2.37,1.07,101.9,30,64,1,6.1,0.04,1,15,23.4,4.69,0.389,35.29,130,10.7,4.61,1.72,43.5,29,86.8,0,0.93,0.17,4.3,9.3,142,65.7,0.22,9.9,1.19,232,4.48,12.1,16.8,70.4,274.8,1,1,Harmless Cyst (Benign),Harmless Cyst (Benign)
345,5.28,22.6,50,40.6,79,34,23,0.03,0.7,4.78,2.56,24.76,11.87,2.37,2.11,103.2,19.3,54,1,3,0.09,2,68,27.9,4.4,0.331,41.84,104,6.7,4.5,2.01,44.3,25.3,80.5,0,0.91,0.2,4.4,13.2,140.6,65.7,0.32,19.2,1.31,245,4.11,13.2,9.7,68.5,221.2,1,0,Harmless Cyst (Benign),Ovarian Cancer (Malignant)
346,1.32,16.08,35,42,37,13,13,0.03,0.6,4.48,2.5,6,19.05,2.37,1.3,102.9,25,68,1,3.7,0.31,6.2,8,26.2,5.19,0.408,48.96,139,5.2,4.38,1.68,33.5,29.6,87,0,0.86,0.22,4.4,10.9,139.6,65.7,0.22,12.4,1.2,202,4.69,11.9,8.9,68.2,272.8,1,1,Harmless Cyst (Benign),Harmless Cyst (Benign)
347,2.05,22.15,35,42.6,62,27,26,0.01,0.2,3.78,2.42,14.19,7.05,2.37,0.97,100.1,22.6,51,1,2.7,0.03,0.6,12,26.2,5.23,0.367,54.22,121,4.6,4.15,2.17,43.7,27.5,83.4,0,0.86,0.2,4,10.2,140.7,65.7,0.32,11.1,1.02,313,4.4,12.4,7.3,68.8,177.5,1,1,Harmless Cyst (Benign),Harmless Cyst (Benign)
348,1.91,12.11,32,42.6,59,11,13,0.02,0.4,4.4,2.26,9.35,4.18,2.37,0.54,102.2,26.7,74,1,3.4,0.09,1.6,8,20.4,4.26,0.368,44.35,127,5.3,3.91,2.15,38.3,33.2,96.3,0,0.87,0.26,4.6,11.5,137.1,65.7,0.21,14,1.4,186,3.82,11.1,8.7,63,233.7,1,1,Harmless Cyst (Benign),Harmless Cyst (Benign)
349,1.31,18.83,31,44.4,69,12,16,0.04,0.5,5.53,2.68,40.34,24.94,2.37,1.51,97.9,27.1,66,1,4.5,0.02,0.3,13,30.3,5.98,0.385,37.98,128,7.2,4.43,1.01,12.9,30.1,90.6,0,0.9,0.16,2,10.5,139.4,65.7,0.3,12.3,1.02,284,4.25,12.4,11.7,74.7,210.2,1,0,Harmless Cyst (Benign),Ovarian Cancer (Malignant)
350,1.97,19.33,33,42.3,69,8,16,0.03,0.6,7.25,2.52,23.18,14.97,2.37,0.88,100.6,23.6,56,1,3.8,0.04,0.8,13,29.2,5.18,0.373,37.23,123,7.1,4.03,1.34,26.3,30.1,91.4,0,0.92,0.26,5.1,10.3,139.5,65.7,0.22,12.1,0.93,218,4.08,11.9,10.9,71.5,203.4,1,0,Harmless Cyst (Benign),Ovarian Cancer (Malignant)
351,1.24,12.96,41,40.8,71,16,17,0.04,0.4,3.6,2.25,203.9,246.8,2.37,0.64,102,25.6,57,1,2.5,0,0,17,30.95,4.7,0.422,57.6,141,5.05,3.37,1.51,13.9,29.2,87.4,0,0.89,0.58,5.4,12.7,139.7,65.7,0.23,17,1.06,182,4.83,12.6,7.65,72.25,305.1,1,0,Harmless Cyst (Benign),Ovarian Cancer (Malignant)
352,0.87,23.38,21,49.3,76,20,24,0.05,0.8,2.8,2.68,25.92,6.82,2.37,1.67,100.8,24.6,67,1,3.5,0.12,1.9,12,28.5,5.56,0.411,62.49,146,6.8,4.28,1.12,17.6,30.4,85.6,0,0.99,0.18,2.8,10.2,144.5,65.7,0.32,11.8,1.31,319,4.8,12.5,10.3,77.8,283.9,1,0,Harmless Cyst (Benign),Ovarian Cancer (Malignant)
353,5.55,23.42,28,46.9,59,12,14,0.02,0.4,4.26,2.55,15.56,13.22,2.37,0.38,104.5,19,57,1,3.5,0.07,1.5,17,26.8,4.7,0.393,30.26,129,7.5,4.32,1.78,39.4,29.1,88.5,0,0.91,0.16,3.5,9.8,142.6,65.7,0.27,11.4,1.09,279,4.44,12.4,11,73.7,298.1,1,0,Harmless Cyst (Benign),Ovarian Cancer (Malignant)
354,1.87,11.36,31,47.3,48,14,20,0.01,0.2,3.26,2.34,26.56,6.54,2.37,0.79,101.6,27.1,69,1,4.2,0.01,0.2,15,30.6,5.16,0.404,47.65,136,8.8,4.06,1.61,36.3,30.7,91.2,0,0.92,0.29,6.5,9.5,136,65.7,0.17,10,1.27,183,4.43,12.4,13,77.9,255.6,1,1,Harmless Cyst (Benign),Harmless Cyst (Benign)
355,2.48,20.67,31,48,102,9,12,0.06,1,4.12,2.65,21.76,6.69,2.37,0.77,99.4,26,79,1,4.1,0.03,0.5,10,32.6,4.95,0.401,44.12,129,7,4.77,1.88,32.8,27.7,86.2,0,0.91,0.36,6.3,9.6,141.3,65.7,0.37,10,1.4,380,4.65,14.6,11.1,80.6,298,1,1,Harmless Cyst (Benign),Harmless Cyst (Benign)
356,8.24,18.58,47,41.8,62,10,16,0.02,0.4,4.81,2.54,83.48,4.7,2.37,0.63,103.8,21.7,75,1,1.7,0.34,7.6,18,24.9,5.25,0.386,49.93,113,4,4.88,1.54,34.5,24,82,0,0.94,0.25,5.6,10,139.2,65.7,0.24,10.8,0.91,241,4.71,15.5,5.7,66.7,293.1,1,0,Harmless Cyst (Benign),Ovarian Cancer (Malignant)
357,2.1,25.57,65,41.8,144,51,29,0.02,0.2,3.04,2.54,20.94,14.93,2.37,1.81,97.4,22.4,56,1,9.9,0.05,0.6,176,27.4,5.79,0.368,59.47,130,28.4,3.37,1.15,14.2,31.1,88,1,0.96,0.39,4.8,11.1,142,65.7,0.27,13.2,0.82,247,4.18,12.6,38.3,69.2,363.5,1,0,Harmless Cyst (Benign),Ovarian Cancer (Malignant)
358,1.45,19.74,29,43.3,50,14,21,0.03,0.5,3.78,2.63,22.13,10.04,2.37,1.25,99.9,26.2,61,1,3,0.09,1.6,11,27.8,4.68,0.396,46.1,128,4.9,4.24,1.69,30.3,28.2,87.2,0,0.88,0.37,6.6,10.4,141.6,65.7,0.35,11.3,1.16,337,4.54,12.7,7.9,71.1,287.7,1,1,Harmless Cyst (Benign),Harmless Cyst (Benign)
359,3.28,22.63,39,44.8,71,16,18,0.04,0.5,4.4,2.56,185.5,217.8,2.37,1.11,99.7,22.8,57,1,2.2,0.04,0.5,10,32.2,5.45,0.331,44.8,102,4.2,4.53,1.19,16,24.8,80.5,0,0.9,0.29,3.9,10.7,140.6,65.7,0.32,12.6,1.34,301,4.11,14.5,6.4,77,178.9,1,0,Harmless Cyst (Benign),Ovarian Cancer (Malignant)
360,1.83,15.03,23,40.8,71,16,17,0,0,5.2,2.26,427.4,130.7,2.37,0.96,103.1,23.5,53,1,2.5,0.02,0.3,17,30.95,3.9,0.38,52.89,123,5.05,3.88,1.11,14.3,29.4,90.9,0,0.66,0.17,2.2,11.7,137.3,65.7,0.24,14.6,1.31,205,4.18,11.5,7.65,72.25,247,1,0,Harmless Cyst (Benign),Ovarian Cancer (Malignant)
361,1.76,24.54,15,46.3,157,14,23,0.01,0.1,4.8,2.58,40.13,46.77,2.37,4,99.3,20,55,1,12.1,0,0,14,31.9,5,0.432,48.92,149,17.5,4.17,1.64,11.6,31.8,92.1,0,0.73,0.54,3.8,10.9,142.9,65.7,0.3,12.6,1.75,280,4.69,12.1,29.6,78.2,217.6,1,0,Harmless Cyst (Benign),Ovarian Cancer (Malignant)
362,3.45,25.06,42,42.6,60,6,14,0.03,0.4,3.39,2.53,97.03,2.91,2.37,1.89,98.6,20.7,61,1,4.4,0.16,1.9,15,28.6,4.82,0.39,40.66,135,6.7,4.26,2.6,30.4,30.8,88.8,0,0.98,0.45,5.3,10.3,140.1,65.7,0.3,11.5,1.28,295,4.39,12.3,11.1,71.2,250.9,1,1,Harmless Cyst (Benign),Harmless Cyst (Benign)
363,1.67,23.59,25,46.2,63,10,13,0.03,0.3,2.75,2.79,38.74,9.2,2.37,1.04,101.7,18.4,49,1,3.8,0.02,0.2,10,28,4.66,0.415,34.48,140,5.4,4.09,3.1,29.4,29.2,86.5,0,0.86,0.54,5.1,11.3,139.6,65.7,0.3,14.7,0.96,267,4.8,12.7,9.2,74.2,275.7,1,1,Harmless Cyst (Benign),Harmless Cyst (Benign)
364,0.81,12.46,45,46.1,53,11,20,0.01,0.2,3.96,2.29,20.7,16.52,2.37,1.21,102.4,27.3,62,1,4.2,0.01,0.2,10,28.2,4.56,0.421,37.55,136,7,4.06,1.2,25.2,28.3,87.7,0,0.95,0.19,4,12.1,138.1,65.7,0.19,15.7,1.29,158,4.8,12.8,11.2,74.3,224.4,1,0,Harmless Cyst (Benign),Ovarian Cancer (Malignant)
365,1.94,10.2,43,40.3,81,8,16,0.03,0.4,4.05,1.05,14.68,4.92,2.37,1.29,99.4,23.3,61,1,3.8,0.02,0.3,11,25,4.47,0.371,40.92,100,8.6,4.4,1.5,20.4,19.8,69.8,0,1.04,0.35,4.8,9.8,139,65.7,0.234,15.935,1.19,210,5.06,20,12.4,65.3,239.7,1,0,Harmless Cyst (Benign),Ovarian Cancer (Malignant)
366,3.49,22.27,26,48.9,59,25,19,0.01,0.2,3.63,2.66,20.87,38.74,2.37,2.02,100.4,23,59,1,3.5,0.07,1.5,10,28.1,5.16,0.401,34.92,139,7.4,4.67,1.21,26.2,32.1,92.6,0,0.98,0.19,4.1,9.8,141,65.7,0.18,11.9,1.23,185,4.33,12.4,10.9,77,230.2,1,1,Harmless Cyst (Benign),Harmless Cyst (Benign)
367,1.39,22.52,33,44.8,55,13,11,0.03,0.4,4.86,2.72,32.02,8.81,2.37,0.49,102.4,21.1,63,1,2,0.17,2.5,16,28.3,5.19,0.435,51.86,149,3.8,4.32,2.68,39,30,87.5,0,0.92,0.15,2.2,10.1,141.7,65.7,0.26,12.6,0.94,260,4.97,12.4,5.8,73.1,190.5,1,1,Harmless Cyst (Benign),Harmless Cyst (Benign)
368,2.74,22.16,46,46.8,84,19,20,0.02,0.3,5.82,2.54,6.38,16.16,2.37,1.95,101.4,21.8,94,1,5.8,0.01,0.2,22,30.8,5.79,0.355,49.83,121,11.1,4.36,1.28,19.5,36.8,107.9,0,0.78,0.25,3.8,10.8,141,65.7,0.09,12.4,1.13,92,3.29,13.3,16.9,77.6,344.4,1,0,Harmless Cyst (Benign),Ovarian Cancer (Malignant)
369,5.81,20.27,37,42.5,50,32,29,0.01,0.3,3.8,2.58,10.71,0.63,2.37,2.62,103.8,19.6,65,1,2.5,0.04,1.1,19,32.1,4.6,0.388,38.06,127,5.9,4.37,1.19,33.2,28.7,87.6,0,0.99,0.24,6.7,10.2,139.3,65.7,0.19,11.6,0.96,184,4.43,12.9,8.4,74.6,211.7,1,1,Harmless Cyst (Benign),Harmless Cyst (Benign)
370,1.28,6.2,66,28,65,4,15,0,0,5.1,0.95,260.3,23.88,2.37,2.24,103.8,16.2,88,1,3.3,0,0,8,21.5,9.3,0.31,531.8,87,5.3,3.66,0.64,6.2,30,88.3,1,0.82,0.52,5.1,10,140.7,65.7,0.13,11.8,0.57,129,2.9,11.7,8.6,49.5,218.7,1,0,Harmless Cyst (Benign),Ovarian Cancer (Malignant)
371,0.8,20.42,24,44.1,63,15,21,0.01,0.2,2.22,2.58,30.19,18.32,2.37,1.44,95.4,26.7,60,1,1.8,0,0,11,37.4,5.13,0.37,45.84,111,2.8,3.72,1.04,21.9,24.2,80.6,0,1.03,0.5,10.5,11.6,138.8,65.7,0.29,13.1,1.04,247,4.59,14.8,4.6,81.5,226.1,1,0,Harmless Cyst (Benign),Ovarian Cancer (Malignant)
372,1.55,18.71,26,48,80,13,20,0.05,1.3,3.03,2.67,8.65,13.85,2.37,1.33,97.8,26.7,56,1,5.4,0.07,1.9,11,25.2,4.74,0.459,38.88,155,8.8,3.91,1.44,38.2,30.6,90.7,0,1,0.19,5,11.2,139.3,65.7,0.21,13.7,1.15,191,5.06,11.9,14.2,73.2,269.6,1,1,Harmless Cyst (Benign),Harmless Cyst (Benign)
373,6.83,12.94,42,40.8,71,16,17,0.03,0.4,2.44,2.19,22.97,11.73,2.37,0.81,105.9,23,47,1,2.5,0.03,0.4,17,30.95,5.08,0.344,42.26,117,5.05,3.54,0.64,8.5,30.6,90.1,0,0.8,0.45,6,11.7,138.3,65.7,0.17,13.9,0.9,143,3.82,12.1,7.65,72.25,158.4,1,0,Harmless Cyst (Benign),Ovarian Cancer (Malignant)
374,8.43,24.11,37,46.5,69,11,16,0.01,0.1,2.14,2.61,29.43,11.83,2.37,0.69,99.8,21,63,1,2.6,0,0,15,28.8,5.69,0.391,47.96,124,5.4,3.71,1.15,8.5,26.1,82.3,0,0.94,0.42,3.1,10.4,141.2,65.7,0.38,12,0.74,366,4.75,13.9,8,75.3,257.7,1,0,Harmless Cyst (Benign),Ovarian Cancer (Malignant)
375,4.16,20.19,44,49,84,11,19,0,0,2.03,2.77,59.8,20.03,2.37,1.11,101.4,22.9,70,1,2.5,0.06,0.8,12,27.4,5.55,0.454,38.38,148,5.7,4.19,1.7,22.5,30.3,93,0,1,0.27,3.6,12.2,140.3,65.7,0.3,15.5,1.03,250,4.88,12.1,8.2,76.4,226.7,1,1,Harmless Cyst (Benign),Harmless Cyst (Benign)
376,2.44,13.92,33,48.6,70,11,15,0.02,0.4,3.71,2.3,22.29,33.05,2.37,3.13,104.4,24,60,1,4.5,0.02,0.4,14,22.3,4.93,0.405,40.58,128,7.4,3.92,1.25,27.4,29.8,94.4,0,0.85,0.16,3.5,10.9,138.4,65.7,0.19,13.3,1.13,176,4.29,11.6,11.9,70.9,197.8,1,0,Harmless Cyst (Benign),Ovarian Cancer (Malignant)
377,4.8,7.9,64,42.6,89,69,78,0.05,0.6,7.8,2.56,17.52,50.95,2.37,2.04,98.7,28.1,57,1,5.2,0,0,48,29,9.2,0.46,61.39,158,10.8,4.22,2.33,27.5,32.2,93.9,1,0.83,0.19,2.2,11.2,138.5,65.7,0.23,13.6,1.09,204,4.9,11.8,16,71.6,414.5,1,0,Harmless Cyst (Benign),Ovarian Cancer (Malignant)
378,2.55,17.7,40,45.9,75,6,14,0.01,0.2,3.12,2.58,26.78,11.74,2.37,0.77,101.2,27.3,71,1,6.1,0.07,1.6,10,25.5,4.45,0.386,34.24,126,11.4,4.6,1,23.4,30.2,92.6,0,0.93,0.26,6.1,11.1,141.6,65.7,0.22,13.3,1.07,195,4.17,12.6,17.5,71.4,198.5,1,0,Harmless Cyst (Benign),Ovarian Cancer (Malignant)
379,3.27,19.62,65,41.3,73,16,23,0.03,0.7,5.23,2.71,8.54,4.31,2.37,2.77,103,22.2,72,1,3.2,0.12,2.6,24,33.1,6.14,0.4,61.08,135,5.9,4.32,1.02,22.5,29.7,87.9,1,0.91,0.2,4.4,9.8,140.5,65.7,0.2,10.2,1.1,200,4.55,13.5,9.1,74.4,294,1,0,Harmless Cyst (Benign),Ovarian Cancer (Malignant)
380,1.19,19.45,33,42.6,51,5,13,0.01,0.2,5.55,2.56,54.72,22.67,2.37,2.15,102.9,24.9,64,1,1.7,0.05,1.2,8,25.2,4.84,0.359,50.86,114,3,4.25,1.36,33.3,29.5,93,0,0.96,0.24,5.9,11.2,143,65.7,0.28,13.7,1.18,245,3.86,12.5,4.7,67.8,232.8,1,0,Harmless Cyst (Benign),Ovarian Cancer (Malignant)
381,2.28,21.8,40,43.5,79,14,15,0.02,0.2,4.23,2.68,32.23,17.54,2.37,1.27,101.6,21.4,59,1,4.6,0.13,1.1,14,26.9,5.1,0.416,48.14,141,9.4,4.6,2.96,25.9,31.5,93.1,0,1.07,0.36,3.1,11.3,140.2,65.7,0.31,13.3,1.17,278,4.47,12.4,14,70.4,201.3,1,1,Harmless Cyst (Benign),Harmless Cyst (Benign)
382,1.34,20.32,30,40.8,71,16,17,0.03,0.2,2.8,2.54,15.52,4.93,2.37,1.01,103.6,24,43,1,2.5,0,0,17,30.95,4,0.417,56.25,140,5.05,4.09,0.97,7.1,30.3,90.3,0,0.84,0.18,1.3,10.4,140.9,65.7,0.26,12.2,1.04,247,4.62,12.1,7.65,72.25,241.9,1,0,Harmless Cyst (Benign),Ovarian Cancer (Malignant)
383,1.09,17.2,47,40.3,75,14,20,0.02,0.5,5.14,2.62,13.45,25.25,2.37,1.28,101.6,27.1,55,1,3.5,0.04,1.1,10,25.3,5.69,0.401,46.47,132,7.5,4.6,1.31,34.8,30.6,92.8,0,0.94,0.25,6.6,11.5,141.3,65.7,0.2,13.6,0.89,172,4.32,12.5,11,65.6,205.2,1,1,Harmless Cyst (Benign),Harmless Cyst (Benign)
384,1.34,20.89,27,47,70,20,25,0.03,0.5,3.45,2.76,31.49,26.95,2.37,0.76,100.8,25.3,62,1,3.3,0.04,0.7,10,30.9,4.69,0.401,45.04,131,4.9,4.59,1.68,29.4,28.9,88.3,0,0.89,0.36,6.3,11,142.4,65.7,0.27,13,1.03,248,4.54,13.5,8.2,77.9,151.2,1,1,Harmless Cyst (Benign),Harmless Cyst (Benign)
385,2.06,18.25,33,45.8,73,36,19,0.04,0.7,4.95,2.6,14.72,11.74,2.37,0.81,99.5,27,51,1,2.4,0.03,0.5,31,28.2,5.6,0.413,31.69,138,4,4.55,1.87,33.9,28.2,84.3,0,0.82,0.2,3.6,10,140.2,65.7,0.25,11.9,1.25,249,4.9,11.8,6.4,74,307.6,1,1,Harmless Cyst (Benign),Harmless Cyst (Benign)
386,3.47,12.92,38,48.6,53,12,20,0.03,0.8,3.86,2.31,32.02,22.93,2.37,2.1,103.5,23.4,71,1,3,0.06,1.5,23,38.2,4.89,0.413,33.44,132,5.6,4.22,1.2,30.8,30.1,94.1,0,0.82,0.27,6.9,12.3,135.6,65.7,0.25,15.4,1.27,206,4.39,13.2,8.6,86.8,309.4,1,0,Harmless Cyst (Benign),Ovarian Cancer (Malignant)
387,3.76,19.08,25,44.7,81,19,22,0.05,0.7,4.53,2.73,19.88,14.57,2.37,1.09,99.5,26.3,68,1,2.9,0.02,0.3,17,29.3,5.11,0.441,44.29,143,6.1,4.48,1.16,17,30.4,93.6,0,0.92,0.28,4.1,10.7,140.4,65.7,0.08,12.7,1.22,150,4.71,12.3,9,74,293.2,1,1,Harmless Cyst (Benign),Harmless Cyst (Benign)
388,1.33,23,50,45.8,57,10,18,0.03,0.6,3.69,2.66,8.97,14.57,2.37,2.98,100.4,24.6,68,1,2.7,0.2,4.3,15,33.1,4.52,0.429,43.16,138,6.1,4.9,1.86,39.9,27.1,84.3,0,0.97,0.22,4.7,13,143.1,65.7,0.32,18.6,1.27,244,5.09,14.6,8.8,78.9,217.4,1,1,Harmless Cyst (Benign),Harmless Cyst (Benign)
389,1.71,20.29,29,43.3,60,19,11,0.04,0.4,4.04,2.69,12.68,2.02,2.37,0.73,100.9,23.9,68,1,1.9,0.05,0.5,12,25,5.31,0.399,41.87,130,2.8,3.99,3.28,35.3,28.8,88.5,0,0.96,0.41,4.4,12.8,141.1,65.7,0.27,17.5,1.08,212,4.51,13.2,4.7,68.3,244.9,1,1,Harmless Cyst (Benign),Harmless Cyst (Benign)
390,1.38,19.23,30,40.8,71,16,17,0.01,0.1,1.52,2.34,221.6,25.12,2.37,0.79,104.2,23.6,56,1,2.5,0.01,0.1,17,30.95,4.72,0.324,40.02,109,5.05,4.03,1.2,12.6,31.2,92.8,0,0.92,0.65,6.8,13.3,143,65.7,0.21,18.4,0.97,155,3.49,13.2,7.65,72.25,220,1,0,Harmless Cyst (Benign),Ovarian Cancer (Malignant)
391,2.75,19.72,35,48.8,71,14,19,0.04,0.5,3.63,2.7,47.32,66.82,2.37,1.63,99.3,25.9,64,1,3.5,0.03,0.4,13,31.9,5.5,0.399,46.13,133,8,4.22,1.57,20.1,29,87.1,0,0.96,0.46,5.9,10.7,140.7,65.7,0.33,12.5,1.18,311,4.58,12.9,11.5,80.7,278.3,1,1,Harmless Cyst (Benign),Harmless Cyst (Benign)
392,5.47,17.6,26,47.4,53,13,22,0.04,0.9,5.47,2.68,16.15,108.3,2.37,1.37,100.2,26.3,60,1,3.2,0.02,0.5,8,28.1,4.72,0.357,39.05,114,6.3,4.5,1.66,39.1,28.8,90.2,0,0.96,0.26,6.1,11,139.6,65.7,0.35,13,1.17,321,3.96,13.1,9.5,75.5,188.2,1,1,Harmless Cyst (Benign),Harmless Cyst (Benign)
393,2.79,14.51,20,48.6,64,12,17,0.02,0.3,4.85,2.45,36.74,0.7,2.37,2.36,103.8,23.3,64,1,6.5,0.05,0.7,14,28.1,4.61,0.384,60.43,135,9.5,4.21,1.31,19.4,29.5,84,0,0.85,0.25,3.7,10.2,137.4,65.7,0.28,11.4,1.47,273,4.57,11.8,16,76.7,342.5,1,0,Harmless Cyst (Benign),Ovarian Cancer (Malignant)
394,0.95,17.03,22,46.2,56,10,22,0.02,0.3,2.48,2.25,16.02,5.44,2.37,1.4,100.8,19.9,70,1,5.8,0,0,8,26.6,5.94,0.334,33.83,112,7.9,3.33,0.91,14.2,25.9,77.3,0,0.72,0.14,2.2,9.9,134.4,65.7,0.27,10.4,0.75,278,4.32,15.7,13.7,72.8,304.2,1,0,Harmless Cyst (Benign),Ovarian Cancer (Malignant)
395,2.64,20.99,44,41.4,80,16,21,0.02,0.3,3.95,2.54,243.2,43.51,2.37,1.03,101.7,22.3,72,1,4.3,0.3,4.7,12,29.9,4.58,0.41,46.27,144,8.6,4.39,1.09,17.1,31.5,89.7,0,0.96,0.24,3.8,10.9,140.6,65.7,0.23,13,1.15,214,4.57,11.6,12.9,71.3,227.2,1,0,Harmless Cyst (Benign),Ovarian Cancer (Malignant)
396,2.79,18.7,38,42.2,87,32,24,0.02,0.3,4.42,2.5,5.94,11.17,2.37,0.9,98.4,26,54,1,2.4,0.06,0.8,24,32.5,4.62,0.415,33.1,135,5.6,4.6,2.23,29.2,29,89.1,0,1,0.39,5.1,10.9,138.5,65.7,0.35,13,0.93,320,4.66,12.4,8,74.7,276,1,1,Harmless Cyst (Benign),Harmless Cyst (Benign)
397,3.27,14.29,18,50.4,55,9,21,0.01,0.2,6.67,2.3,67.46,8.29,2.37,1.57,105,24.7,76,1,4.9,0,0,6,23.9,5.15,0.348,61.67,116,6.8,3.99,0.38,7.2,31.4,94.1,0,0.86,0.09,1.7,11.5,140,65.7,0.21,13.5,1.24,186,3.7,12.7,11.7,74.3,260.5,1,0,Harmless Cyst (Benign),Ovarian Cancer (Malignant)
398,1.04,18.34,32,36.7,54,27,10,0.02,0.1,1.78,2.39,121.4,52.74,2.37,0.5,102.6,22.1,41,1,8.1,0.02,0.1,27,25.8,8.98,0.378,173.1,127,10.4,3.94,1.38,8,30,89.2,0,0.78,0.67,3.9,11.2,139.1,65.7,0.23,13.6,0.68,207,4.24,12.9,18.5,62.5,274.6,1,0,Harmless Cyst (Benign),Ovarian Cancer (Malignant)
399,2.03,19.32,26,47.3,54,16,19,0.01,0.2,3.86,2.64,22.35,14.57,2.37,2.26,101.3,25.1,56,1,2.6,0.03,0.5,12,25.6,4.72,0.407,45.32,134,4.9,4.72,2.02,30.8,27.2,82.6,0,0.94,0.4,6.1,10.1,141,65.7,0.26,12.5,1.33,257,4.93,13,7.5,72.9,276.6,1,1,Harmless Cyst (Benign),Harmless Cyst (Benign)
400,2.61,18.56,29,49.3,55,10,21,0.01,0.1,4.33,2.51,44.33,4.53,2.37,1.27,98.8,23.7,66,1,3.8,0.04,0.5,15,26.5,4.51,0.398,52.53,129,6.7,3.56,1.07,13.6,31.1,95.9,0,0.87,0.31,3.9,10.7,137.5,65.7,0.25,12.5,1.23,231,4.15,12.7,10.5,75.8,281.4,1,0,Harmless Cyst (Benign),Ovarian Cancer (Malignant)
401,1.2,20.4,46,43.1,68,7,8,0.05,0.4,3.88,2.59,42.78,14.57,2.37,1.19,102.5,21.8,56,1,2,0.05,0.4,11,31.9,5.61,0.403,48.43,134,3.4,4.3,1.41,11.9,30.2,90.8,0,0.92,0.45,3.8,10.7,140.4,65.7,0.32,13.1,1.06,302,4.44,12.8,5.4,75,179,1,0,Harmless Cyst (Benign),Ovarian Cancer (Malignant)
402,5.84,22.8,50,45.4,55,18,19,0.06,0.6,5.49,2.63,5.12,5.32,2.37,1.9,101.4,23.1,56,1,3.5,0.13,1.3,8,25.5,5.54,0.374,41.34,123,7.2,4,1.3,12.7,31.6,96.1,1,0.95,0.38,3.7,11.2,143.3,65.7,0.24,13.1,1.11,214,3.89,11.8,10.7,70.9,266.7,1,0,Harmless Cyst (Benign),Ovarian Cancer (Malignant)
403,1.25,17.34,36,40.2,57,33,25,0.03,0.7,6.07,2.55,17.46,11.25,2.37,1.38,104.5,24.6,63,1,3.7,0.16,3.7,12,28.4,5.07,0.373,42.17,121,6.6,4.74,1.13,26.2,29.2,89.9,0,0.98,0.32,7.4,10.6,141.7,65.7,0.26,12.3,1.1,248,4.15,12.6,10.3,68.6,259.7,1,1,Harmless Cyst (Benign),Harmless Cyst (Benign)
404,4.89,9.5,67,44,76,13,24,0.04,0.6,5.86,1.13,15.06,32.68,2.37,4.04,101.5,24.5,51,1,2.7,0.08,1.3,12,30.9,6.11,0.421,55.23,132,6.5,4.3,1.69,27.1,28.8,91.7,1,1,0.32,5.1,12.6,143,65.7,0.18,17.6,1.24,141,4.59,13.6,9.2,74.9,240.3,1,0,Harmless Cyst (Benign),Ovarian Cancer (Malignant)
405,5.99,12.31,25,46.6,56,14,19,0.02,0.4,4.45,2.29,40.13,19.19,2.37,2.04,98.7,28.2,56,1,1.8,0.06,1.3,12,27.3,3.98,0.353,39.56,118,4.4,3.71,1.43,32.1,30.7,91.9,0,0.87,0.25,5.6,11.2,135.5,65.7,0.32,13.5,1.3,283,3.84,13.2,6.2,73.9,248.7,1,0,Harmless Cyst (Benign),Ovarian Cancer (Malignant)
406,7.43,7.1,58,45.7,83,12,14,0.01,0.2,5.31,1.07,17.72,28.08,2.37,3.71,102.5,19.9,73,1,3.4,0.1,1.7,15,34.2,5.39,0.432,54.94,154,7.4,4.15,1.48,25.9,30.2,89,1,0.92,0.25,4.4,11.8,144.2,65.7,0.22,16.9,0.93,187,5.1,12.4,10.8,79.9,373.4,1,0,Harmless Cyst (Benign),Ovarian Cancer (Malignant)
407,2.23,23.63,20,44.1,111,20,22,0,0,3.59,2.67,7.69,9.39,2.37,2.39,101.6,21.6,59,1,3.1,0.01,0.2,23,25.5,4.26,0.424,42.25,135,6.6,4.83,1.81,35.2,28.5,89.6,0,1.01,0.29,5.6,11.5,142,65.7,0.24,13.8,1.5,209,4.73,13.2,9.7,69.6,306.3,1,1,Harmless Cyst (Benign),Harmless Cyst (Benign)
408,2.94,22.11,28,44.6,77,11,14,0,0,4.81,2.58,17.51,12.87,2.37,0.93,103.1,19.3,61,1,3.5,0.04,0.9,10,32.8,4.96,0.394,47.86,131,3.7,4.71,0.93,21.4,30.5,91.8,0,0.93,0.28,6.5,10,139.8,65.7,0.32,11.2,1.11,317,4.29,11.9,7.2,77.4,282.4,1,0,Harmless Cyst (Benign),Ovarian Cancer (Malignant)
409,3.27,21.32,43,48.6,60,30,16,0.03,0.5,4.86,2.58,13.61,8.37,2.37,0.59,96.5,24.6,67,1,2.9,0.06,1.1,29,25.8,4.39,0.44,40.17,147,4.8,4.12,1.36,24.3,30.4,91.1,0,0.94,0.21,3.8,10.9,138.3,65.7,0.23,13.2,1.07,210,4.83,12.1,7.7,74.4,379,1,1,Harmless Cyst (Benign),Harmless Cyst (Benign)
410,2.09,20.91,52,48.6,65,40,30,0,0,4.29,2.81,50.8,15.11,2.37,1.74,98.1,25.9,54,1,3.8,0.01,0.3,36,31.8,5.13,0.415,31.45,142,6.9,4.11,1.18,30.7,31.1,91,0,0.94,0.28,7.3,9.9,140.8,65.7,0.22,10.8,0.99,219,4.56,11.9,10.7,80.4,241.5,1,0,Harmless Cyst (Benign),Ovarian Cancer (Malignant)
411,2,12.14,37,46.1,49,9,20,0,0,3.12,2.29,21.93,0.62,2.37,1.67,103.6,25,67,1,5.9,0.02,0.3,9,27.4,4.59,0.285,44.44,80,11.3,3.64,1.39,23.3,18.9,67.2,0,0.77,0.32,5.4,11.9,137.1,65.7,0.31,17.3,0.95,262,4.24,17.7,17.2,73.5,240.5,1,0,Harmless Cyst (Benign),Ovarian Cancer (Malignant)
412,2.83,19.23,59,45.8,83,9,16,0.02,0.6,4.38,2.65,51.33,2.18,2.37,2.31,102.3,27.1,50,1,4,0.05,1.5,13,22.6,5.9,0.439,42.65,144,9.8,4.63,1.1,32.7,29.4,89.8,1,0.92,0.13,3.9,9.7,144,65.7,0.21,10.4,1,221,4.89,11.6,13.8,68.4,209.5,1,0,Harmless Cyst (Benign),Ovarian Cancer (Malignant)
413,1.84,27.22,30,47.8,64,26,22,0.03,0.3,3.61,2.82,53.87,10.71,2.37,0.93,93.1,23.1,59,1,3.5,0.23,2.2,25,28.2,5.59,0.458,30.78,154,7.8,4.22,2.15,20.6,28.8,85.6,0,1.02,0.43,4.1,10.5,139.2,65.7,0.42,13.4,1.31,398,5.35,12.5,11.3,76,285.7,1,1,Harmless Cyst (Benign),Harmless Cyst (Benign)
414,1.61,13,39,44.9,68,7,13,0.01,0.2,4.38,2.58,46.45,28.79,2.37,0.76,101.7,29.5,69,1,2.7,0.04,0.8,8,23.7,4.94,0.376,33.42,128,5.6,4.3,1.52,32,31,91,0,0.93,0.3,6.3,10.3,139.9,65.7,0.23,11,1.1,224,4.13,12.1,8.3,68.6,184.9,1,0,Harmless Cyst (Benign),Ovarian Cancer (Malignant)
